transaction_id,customer_id,timestamp,amount,transaction_type,merchant_category,location,device_type,account_age_days,transaction_frequency,previous_transaction_amount,distance_from_usual_location,is_fraud
TXN-100213,CUST-1046,2025-01-02 09:14:44,1367.77,UPI Transfer,Utilities & Bills,Pune,Trusted Mobile App (Android),719,2,1329.61,9.8,0
TXN-100315,CUST-1001,2025-01-03 10:59:35,808.95,Online,Grocery & Supermarkets,Pune,Trusted Mobile App (Android),439,2,556.23,1.49,0
TXN-100075,CUST-1032,2025-01-03 17:53:11,210.58,Online,Healthcare & Medical,Pune,Trusted Mobile App (iOS),754,3,286.71,3.92,0
TXN-100047,CUST-1006,2025-01-03 20:29:16,2404.53,Online,Dining & Food,Jaipur,Trusted Mobile App (iOS),1307,2,1218.72,0.58,0
TXN-100092,CUST-1006,2025-01-04 15:51:21,1213.83,UPI Transfer,Healthcare & Medical,Jaipur,Trusted Mobile App (iOS),1307,3,864.13,7.0,0
TXN-100008,CUST-1048,2025-01-05 00:05:08,421.8,Online,Healthcare & Medical,Kolkata,Desktop Web Browser,219,2,386.96,1.82,0
TXN-100326,CUST-1021,2025-01-05 00:19:04,1037.78,UPI Transfer,Dining & Food,Ahmedabad,Desktop Web Browser,393,2,861.16,17.59,0
TXN-100478,CUST-1028,2025-01-05 01:22:01,129319.05,Online,Luxury Goods & Jewelry,Bengaluru,Unknown Device,1077,7,355.69,221.73,1
TXN-100062,CUST-1039,2025-01-05 08:19:10,188.34,UPI Transfer,Utilities & Bills,Jaipur,Trusted Mobile App (Android),1608,2,320.41,1.07,0
TXN-100454,CUST-1009,2025-01-05 10:17:25,1237.49,POS / In-Store,Grocery & Supermarkets,Kolkata,Trusted Mobile App (Android),1794,1,818.46,16.44,0
TXN-100426,CUST-1004,2025-01-06 13:38:53,1671.6,UPI Transfer,Utilities & Bills,Delhi,Trusted Mobile App (Android),1523,1,2051.94,6.16,0
TXN-100033,CUST-1002,2025-01-06 14:21:39,2420.79,Online,Healthcare & Medical,Kochi,Trusted Mobile App (iOS),501,1,2104.86,13.81,0
TXN-100313,CUST-1021,2025-01-06 14:46:51,861.16,POS / In-Store,Healthcare & Medical,Ahmedabad,Desktop Web Browser,393,1,1045.77,4.01,0
TXN-100293,CUST-1031,2025-01-07 13:55:13,1573.68,UPI Transfer,Grocery & Supermarkets,Ahmedabad,Trusted Mobile App (Android),1147,3,1617.54,15.07,0
TXN-100204,CUST-1021,2025-01-07 21:09:38,1407.97,POS / In-Store,Dining & Food,Ahmedabad,Desktop Web Browser,393,2,883.99,7.54,0
TXN-100060,CUST-1035,2025-01-08 13:46:14,1148.07,POS / In-Store,Healthcare & Medical,Kochi,Trusted Mobile App (Android),284,2,1442.66,0.77,0
TXN-100090,CUST-1034,2025-01-08 17:29:42,1096.19,POS / In-Store,Grocery & Supermarkets,Kochi,Desktop Web Browser,338,1,852.17,4.09,0
TXN-100438,CUST-1040,2025-01-09 10:10:23,845.62,POS / In-Store,Utilities & Bills,Mumbai,Mobile Web Browser,1762,2,1288.89,28.13,0
TXN-100209,CUST-1027,2025-01-09 13:48:29,2001.68,Online,Grocery & Supermarkets,Kochi,Trusted Mobile App (iOS),810,1,1863.89,10.31,0
TXN-100384,CUST-1029,2025-01-09 17:44:31,650.96,UPI Transfer,Dining & Food,Pune,Trusted Mobile App (iOS),1642,1,467.09,2.56,0
TXN-100339,CUST-1023,2025-01-10 12:55:47,321.31,POS / In-Store,Utilities & Bills,Mumbai,Trusted Mobile App (iOS),77,1,116.61,6.41,0
TXN-100268,CUST-1039,2025-01-10 21:28:29,268.63,POS / In-Store,Grocery & Supermarkets,Jaipur,Trusted Mobile App (Android),1608,1,636.08,12.92,0
TXN-100280,CUST-1027,2025-01-10 22:30:31,2054.28,UPI Transfer,Grocery & Supermarkets,Kochi,Trusted Mobile App (iOS),810,1,1512.42,6.56,0
TXN-100071,CUST-1047,2025-01-11 22:24:17,1007.51,POS / In-Store,Grocery & Supermarkets,Pune,Trusted Mobile App (Android),878,1,913.66,17.58,0
TXN-100323,CUST-1008,2025-01-12 11:15:21,962.93,Online,Grocery & Supermarkets,Kochi,Desktop Web Browser,473,1,1108.62,7.35,0
TXN-100077,CUST-1046,2025-01-12 16:24:34,1276.16,POS / In-Store,Dining & Food,Pune,Trusted Mobile App (Android),719,1,725.22,1.18,0
TXN-100171,CUST-1005,2025-01-13 11:20:35,1362.88,UPI Transfer,Grocery & Supermarkets,Pune,Desktop Web Browser,1431,2,1042.7,11.21,0
TXN-100216,CUST-1012,2025-01-14 11:53:51,1177.66,Online,Grocery & Supermarkets,Delhi,Desktop Web Browser,1112,2,804.65,15.56,0
TXN-100381,CUST-1040,2025-01-14 13:18:46,664.56,Online,Grocery & Supermarkets,Ahmedabad,Trusted Mobile App (iOS),1762,2,1124.8,10.11,0
TXN-100046,CUST-1034,2025-01-14 20:50:23,1464.07,POS / In-Store,Healthcare & Medical,Kochi,Desktop Web Browser,338,3,526.49,0.51,0
TXN-100137,CUST-1006,2025-01-15 08:58:15,1232.22,POS / In-Store,Grocery & Supermarkets,Jaipur,Trusted Mobile App (iOS),1307,3,1213.83,7.47,0
TXN-100179,CUST-1020,2025-01-15 09:02:14,433.45,POS / In-Store,Utilities & Bills,Hyderabad,Desktop Web Browser,359,2,1319.95,16.15,0
TXN-100222,CUST-1001,2025-01-15 18:51:08,670.04,POS / In-Store,Healthcare & Medical,Mumbai,Trusted Mobile App (Android),439,1,673.74,74.11,0
TXN-100012,CUST-1011,2025-01-15 21:33:19,1235.4,UPI Transfer,Grocery & Supermarkets,Bengaluru,Desktop Web Browser,723,3,588.84,6.27,0
TXN-100016,CUST-1035,2025-01-16 10:46:42,1442.66,Online,Healthcare & Medical,Kochi,Trusted Mobile App (Android),284,1,746.48,2.9,0
TXN-100277,CUST-1042,2025-01-17 10:07:29,780.53,UPI Transfer,Healthcare & Medical,Kolkata,Trusted Mobile App (iOS),1419,3,1619.22,4.81,0
TXN-100128,CUST-1035,2025-01-17 20:33:25,922.11,Online,Dining & Food,Kochi,Mobile Web Browser,284,3,1148.07,9.33,0
TXN-100348,CUST-1011,2025-01-18 06:35:42,411.19,UPI Transfer,Healthcare & Medical,Bengaluru,Desktop Web Browser,723,1,401.38,0.79,0
TXN-100024,CUST-1037,2025-01-19 07:53:08,1255.76,UPI Transfer,Grocery & Supermarkets,Chennai,Trusted Mobile App (iOS),393,2,1215.55,16.26,0
TXN-100340,CUST-1028,2025-01-19 17:44:01,439.21,Online,Grocery & Supermarkets,Kolkata,Trusted Mobile App (iOS),1101,2,308.74,7.08,0
TXN-100392,CUST-1035,2025-01-20 09:59:03,834.49,Online,Dining & Food,Kochi,Trusted Mobile App (Android),284,3,511.63,6.14,0
TXN-100361,CUST-1018,2025-01-20 18:21:10,1037.55,Online,Healthcare & Medical,Hyderabad,Desktop Web Browser,977,2,1215.84,5.97,0
TXN-100482,CUST-1004,2025-01-21 03:38:40,237958.04,Online,Luxury Goods & Jewelry,Bengaluru,Unknown Device,1479,9,1671.6,337.99,1
TXN-100314,CUST-1032,2025-01-21 15:22:10,475.48,UPI Transfer,Healthcare & Medical,Pune,Trusted Mobile App (iOS),754,3,559.67,13.19,0
TXN-100122,CUST-1033,2025-01-22 11:03:48,516.09,Online,Utilities & Bills,Ahmedabad,Trusted Mobile App (iOS),298,3,672.67,3.2,0
TXN-100095,CUST-1030,2025-01-22 20:47:31,1020.74,Online,Dining & Food,Mumbai,Desktop Web Browser,463,1,1416.93,1.09,0
TXN-100362,CUST-1004,2025-01-23 11:16:39,2051.94,Online,Utilities & Bills,Delhi,Desktop Web Browser,1523,1,1148.37,4.64,0
TXN-100214,CUST-1031,2025-01-23 11:48:29,966.93,Online,Healthcare & Medical,Ahmedabad,Trusted Mobile App (Android),1147,3,1466.82,14.88,0
TXN-100048,CUST-1013,2025-01-23 15:45:33,296.96,Online,Grocery & Supermarkets,Delhi,Trusted Mobile App (Android),677,3,321.9,14.96,0
TXN-100187,CUST-1042,2025-01-24 18:35:27,2559.59,UPI Transfer,Healthcare & Medical,Kolkata,Trusted Mobile App (iOS),1419,3,3199.1,13.76,0
TXN-100103,CUST-1037,2025-01-25 15:29:57,911.06,Online,Healthcare & Medical,Bengaluru,Trusted Mobile App (iOS),393,2,690.41,31.83,0
TXN-100318,CUST-1012,2025-01-25 18:33:21,1424.5,UPI Transfer,Utilities & Bills,Delhi,Desktop Web Browser,1112,1,1257.5,9.96,0
TXN-100044,CUST-1026,2025-01-25 22:31:56,590.32,UPI Transfer,Utilities & Bills,Delhi,Desktop Web Browser,664,3,578.95,4.31,0
TXN-100230,CUST-1029,2025-01-26 13:05:42,319.8,Online,Grocery & Supermarkets,Pune,Trusted Mobile App (iOS),1642,3,751.17,8.22,0
TXN-100327,CUST-1029,2025-01-27 08:08:30,375.88,UPI Transfer,Grocery & Supermarkets,Pune,Trusted Mobile App (iOS),1642,1,250.47,16.92,0
TXN-100411,CUST-1018,2025-01-27 12:57:02,1383.07,Online,Utilities & Bills,Hyderabad,Mobile Web Browser,977,1,2561.63,11.99,0
TXN-100063,CUST-1049,2025-01-27 18:44:31,253.74,UPI Transfer,Utilities & Bills,Bengaluru,Trusted Mobile App (iOS),793,3,673.89,12.6,0
TXN-100344,CUST-1033,2025-01-28 08:09:58,652.69,POS / In-Store,Grocery & Supermarkets,Ahmedabad,Trusted Mobile App (iOS),298,2,516.09,1.77,0
TXN-100068,CUST-1037,2025-01-28 08:32:58,690.41,UPI Transfer,Dining & Food,Chennai,Trusted Mobile App (iOS),393,3,1255.76,12.19,0
TXN-100359,CUST-1045,2025-01-28 13:50:24,1277.18,POS / In-Store,Utilities & Bills,Mumbai,Trusted Mobile App (Android),473,2,1854.15,16.28,0
TXN-100228,CUST-1018,2025-01-28 21:49:56,498.15,Online,Utilities & Bills,Hyderabad,Desktop Web Browser,977,1,1901.82,13.86,0
TXN-100403,CUST-1012,2025-01-28 22:10:10,2249.64,POS / In-Store,Healthcare & Medical,Delhi,Desktop Web Browser,1112,2,697.19,4.12,0
TXN-100437,CUST-1033,2025-01-29 07:31:04,1454.31,Online,Dining & Food,Ahmedabad,Trusted Mobile App (iOS),298,1,1341.66,2.08,0
TXN-100258,CUST-1041,2025-01-29 16:43:37,739.4,UPI Transfer,Grocery & Supermarkets,Chennai,Trusted Mobile App (iOS),1786,3,636.66,46.96,0
TXN-100110,CUST-1040,2025-01-29 20:57:25,944.23,UPI Transfer,Healthcare & Medical,Ahmedabad,Trusted Mobile App (iOS),1762,1,2283.39,2.36,0
TXN-100489,CUST-1036,2025-01-30 04:41:12,208634.22,ATM Withdrawal,Electronics & Gadgets,Bengaluru,Mobile Web Browser,233,9,231.79,554.03,1
TXN-100172,CUST-1005,2025-01-30 14:00:58,1678.66,UPI Transfer,Dining & Food,Pune,Desktop Web Browser,1431,2,1362.88,8.91,0
TXN-100388,CUST-1040,2025-01-30 16:55:02,1288.89,UPI Transfer,Utilities & Bills,Ahmedabad,Trusted Mobile App (iOS),1762,1,664.56,12.26,0
TXN-100469,CUST-1003,2025-01-31 07:53:06,540.71,POS / In-Store,Healthcare & Medical,Hyderabad,Trusted Mobile App (iOS),1586,2,1125.16,3.95,0
TXN-100207,CUST-1030,2025-01-31 11:36:28,820.75,Online,Healthcare & Medical,Mumbai,Desktop Web Browser,463,3,739.12,14.35,0
TXN-100067,CUST-1001,2025-01-31 21:17:58,634.97,POS / In-Store,Dining & Food,Pune,Trusted Mobile App (Android),439,2,730.01,8.92,0
TXN-100181,CUST-1032,2025-02-01 08:30:44,998.08,UPI Transfer,Grocery & Supermarkets,Pune,Trusted Mobile App (iOS),754,1,210.58,3.71,0
TXN-100131,CUST-1001,2025-02-01 09:56:04,1083.89,POS / In-Store,Healthcare & Medical,Pune,Trusted Mobile App (Android),439,3,339.08,9.45,0
TXN-100343,CUST-1018,2025-02-01 18:43:59,1397.62,POS / In-Store,Healthcare & Medical,Hyderabad,Desktop Web Browser,977,1,1784.6,5.28,0
TXN-100085,CUST-1026,2025-02-02 07:55:35,563.66,POS / In-Store,Dining & Food,Delhi,Trusted Mobile App (iOS),664,1,590.32,3.84,0
TXN-100028,CUST-1017,2025-02-02 09:15:16,672.77,UPI Transfer,Grocery & Supermarkets,Delhi,Trusted Mobile App (Android),1092,1,1123.41,4.47,0
TXN-100353,CUST-1046,2025-02-02 19:36:50,1482.42,POS / In-Store,Utilities & Bills,Pune,Trusted Mobile App (Android),719,2,1315.1,2.35,0
TXN-100096,CUST-1009,2025-02-03 09:37:41,1110.29,Online,Dining & Food,Kolkata,Trusted Mobile App (Android),1794,3,918.2,15.48,0
TXN-100404,CUST-1029,2025-02-03 10:49:12,754.51,UPI Transfer,Grocery & Supermarkets,Pune,Trusted Mobile App (iOS),1642,2,650.96,4.5,0
TXN-100015,CUST-1032,2025-02-03 18:04:04,286.71,POS / In-Store,Utilities & Bills,Pune,Trusted Mobile App (iOS),754,3,432.4,3.97,0
TXN-100304,CUST-1017,2025-02-03 19:52:20,2022.46,Online,Grocery & Supermarkets,Delhi,Trusted Mobile App (Android),1092,3,1148.82,17.17,0
TXN-100488,CUST-1005,2025-02-04 04:02:27,135049.82,Online,Electronics & Gadgets,Kochi,Unknown Device,1346,11,851.82,411.01,1
TXN-100042,CUST-1019,2025-02-04 10:19:12,563.02,Online,Grocery & Supermarkets,Mumbai,Trusted Mobile App (Android),294,2,614.06,13.66,0
TXN-100132,CUST-1029,2025-02-04 17:19:31,630.9,POS / In-Store,Grocery & Supermarkets,Pune,Trusted Mobile App (iOS),1642,2,653.16,8.36,0
TXN-100393,CUST-1028,2025-02-05 15:05:36,457.67,POS / In-Store,Dining & Food,Delhi,Trusted Mobile App (iOS),1101,3,439.21,54.23,0
TXN-100441,CUST-1011,2025-02-05 15:33:20,976.28,POS / In-Store,Dining & Food,Bengaluru,Desktop Web Browser,723,3,604.04,4.78,0
TXN-100347,CUST-1023,2025-02-05 16:16:23,337.29,UPI Transfer,Healthcare & Medical,Mumbai,Trusted Mobile App (iOS),77,3,321.31,9.55,0
TXN-100449,CUST-1049,2025-02-05 19:51:05,635.74,POS / In-Store,Dining & Food,Bengaluru,Trusted Mobile App (iOS),793,1,724.5,16.55,0
TXN-100497,CUST-1019,2025-02-06 01:29:35,165352.11,Wire Transfer,Luxury Goods & Jewelry,Hyderabad,New Emulated Device,276,6,1211.01,773.74,1
TXN-100435,CUST-1045,2025-02-06 02:47:19,962.79,UPI Transfer,Healthcare & Medical,Mumbai,Trusted Mobile App (Android),473,2,1689.29,4.18,0
TXN-100018,CUST-1028,2025-02-06 10:09:52,747.16,Online,Dining & Food,Kolkata,Trusted Mobile App (iOS),1101,2,390.18,17.42,0
TXN-100178,CUST-1031,2025-02-06 11:02:40,1466.82,Online,Healthcare & Medical,Kochi,Trusted Mobile App (Android),1147,1,999.66,37.83,0
TXN-100115,CUST-1002,2025-02-06 14:34:43,1717.99,UPI Transfer,Healthcare & Medical,Kochi,Trusted Mobile App (iOS),501,3,2269.22,3.5,0
TXN-100402,CUST-1037,2025-02-06 15:23:53,1548.64,POS / In-Store,Utilities & Bills,Chennai,Trusted Mobile App (iOS),393,3,3162.4,3.64,0
TXN-100188,CUST-1048,2025-02-06 18:05:05,490.37,UPI Transfer,Utilities & Bills,Kolkata,Desktop Web Browser,219,2,380.11,15.59,0
TXN-100147,CUST-1041,2025-02-06 19:17:48,636.66,Online,Utilities & Bills,Chennai,Trusted Mobile App (iOS),1786,3,306.78,2.01,0
TXN-100030,CUST-1021,2025-02-06 19:42:33,883.99,Online,Utilities & Bills,Ahmedabad,Desktop Web Browser,393,1,886.53,3.74,0
TXN-100157,CUST-1026,2025-02-06 19:53:14,463.88,Online,Healthcare & Medical,Delhi,Trusted Mobile App (iOS),664,1,641.12,6.21,0
TXN-100487,CUST-1036,2025-02-07 03:54:17,88693.14,ATM Withdrawal,Electronics & Gadgets,Kolkata,Mobile Web Browser,246,9,231.79,317.05,1
TXN-100427,CUST-1023,2025-02-07 07:54:01,257.92,Online,Healthcare & Medical,Mumbai,Trusted Mobile App (iOS),77,3,82.13,0.75,0
TXN-100142,CUST-1038,2025-02-07 10:25:10,802.59,UPI Transfer,Dining & Food,Pune,Trusted Mobile App (iOS),455,1,546.92,2.19,0
TXN-100480,CUST-1017,2025-02-08 01:24:22,140817.27,Online,Luxury Goods & Jewelry,Kochi,Mobile Web Browser,1001,8,348.45,603.15,1
TXN-100160,CUST-1036,2025-02-08 09:44:51,380.16,POS / In-Store,Dining & Food,Delhi,Trusted Mobile App (Android),324,2,287.6,13.15,0
TXN-100241,CUST-1031,2025-02-08 10:02:26,1617.54,POS / In-Store,Dining & Food,Jaipur,Trusted Mobile App (Android),1147,3,966.93,23.3,0
TXN-100452,CUST-1038,2025-02-08 15:08:10,1069.28,UPI Transfer,Utilities & Bills,Pune,Trusted Mobile App (Android),455,1,450.36,9.02,0
TXN-100101,CUST-1039,2025-02-08 15:23:36,117.66,UPI Transfer,Healthcare & Medical,Jaipur,Trusted Mobile App (Android),1608,1,292.88,3.2,0
TXN-100091,CUST-1003,2025-02-08 20:00:49,786.82,Online,Grocery & Supermarkets,Hyderabad,Trusted Mobile App (iOS),1586,1,924.49,3.47,0
TXN-100378,CUST-1042,2025-02-08 21:19:46,2151.55,UPI Transfer,Healthcare & Medical,Kolkata,Desktop Web Browser,1419,2,3155.9,17.2,0
TXN-100387,CUST-1020,2025-02-09 08:13:37,468.81,UPI Transfer,Dining & Food,Pune,Desktop Web Browser,359,3,990.95,43.91,0
TXN-100401,CUST-1033,2025-02-09 18:15:18,770.44,UPI Transfer,Healthcare & Medical,Ahmedabad,Trusted Mobile App (iOS),298,2,548.78,16.34,0
TXN-100169,CUST-1025,2025-02-09 18:29:45,943.34,Online,Healthcare & Medical,Pune,Trusted Mobile App (iOS),901,2,2344.7,15.52,0
TXN-100084,CUST-1044,2025-02-09 19:55:27,493.07,Online,Utilities & Bills,Mumbai,Desktop Web Browser,1735,3,994.29,4.37,0
TXN-100007,CUST-1029,2025-02-09 20:29:04,318.62,POS / In-Store,Utilities & Bills,Pune,Trusted Mobile App (iOS),1642,1,370.98,11.45,0
TXN-100456,CUST-1018,2025-02-10 10:55:28,662.32,POS / In-Store,Dining & Food,Hyderabad,Desktop Web Browser,977,3,1712.53,0.88,0
TXN-100354,CUST-1017,2025-02-10 12:23:39,656.3,UPI Transfer,Dining & Food,Delhi,Trusted Mobile App (Android),1092,1,687.83,9.34,0
TXN-100317,CUST-1024,2025-02-10 14:21:14,467.0,POS / In-Store,Dining & Food,Ahmedabad,Trusted Mobile App (Android),1430,3,933.33,65.93,0
TXN-100205,CUST-1007,2025-02-10 15:58:56,1884.5,Online,Dining & Food,Ahmedabad,Trusted Mobile App (iOS),893,1,605.8,10.31,0
TXN-100011,CUST-1017,2025-02-10 19:11:23,1123.41,POS / In-Store,Healthcare & Medical,Delhi,Trusted Mobile App (Android),1092,3,846.88,16.9,0
TXN-100165,CUST-1030,2025-02-11 12:27:45,739.12,UPI Transfer,Dining & Food,Mumbai,Mobile Web Browser,463,3,869.8,17.38,0
TXN-100221,CUST-1004,2025-02-12 21:17:20,2574.51,Online,Grocery & Supermarkets,Pune,Trusted Mobile App (Android),1523,2,1440.64,29.42,0
TXN-100485,CUST-1026,2025-02-13 01:30:55,274594.82,ATM Withdrawal,Crypto & Digital Assets,Pune,New Emulated Device,578,8,629.11,171.01,1
TXN-100350,CUST-1035,2025-02-13 12:12:39,511.63,POS / In-Store,Utilities & Bills,Kochi,Trusted Mobile App (Android),284,1,635.99,11.73,0
TXN-100223,CUST-1017,2025-02-14 07:57:43,780.23,UPI Transfer,Healthcare & Medical,Delhi,Trusted Mobile App (Android),1092,2,554.07,11.66,0
TXN-100032,CUST-1023,2025-02-14 09:53:00,210.96,Online,Dining & Food,Mumbai,Mobile Web Browser,77,1,142.41,0.82,0
TXN-100355,CUST-1018,2025-02-14 16:36:04,1215.84,Online,Dining & Food,Hyderabad,Desktop Web Browser,977,1,1397.62,4.04,0
TXN-100453,CUST-1017,2025-02-15 07:18:27,348.45,Online,Healthcare & Medical,Delhi,Desktop Web Browser,1092,3,961.45,8.56,0
TXN-100193,CUST-1036,2025-02-15 15:23:07,255.09,POS / In-Store,Utilities & Bills,Delhi,Desktop Web Browser,324,1,977.86,15.94,0
TXN-100089,CUST-1050,2025-02-15 20:52:02,394.22,UPI Transfer,Dining & Food,Pune,Trusted Mobile App (Android),501,2,125.11,5.41,0
TXN-100170,CUST-1022,2025-02-15 20:54:30,655.71,POS / In-Store,Grocery & Supermarkets,Jaipur,Desktop Web Browser,390,1,1583.05,7.84,0
TXN-100059,CUST-1020,2025-02-16 08:08:58,737.88,POS / In-Store,Utilities & Bills,Hyderabad,Trusted Mobile App (Android),359,3,845.54,14.36,0
TXN-100278,CUST-1013,2025-02-16 09:30:06,348.45,POS / In-Store,Grocery & Supermarkets,Delhi,Trusted Mobile App (Android),677,2,1036.56,11.71,0
TXN-100440,CUST-1045,2025-02-16 10:23:32,1230.9,UPI Transfer,Grocery & Supermarkets,Mumbai,Trusted Mobile App (Android),473,1,962.79,6.28,0
TXN-100400,CUST-1043,2025-02-16 15:46:48,322.38,POS / In-Store,Grocery & Supermarkets,Delhi,Desktop Web Browser,619,1,405.91,4.52,0
TXN-100423,CUST-1046,2025-02-17 12:31:33,1376.77,POS / In-Store,Utilities & Bills,Pune,Trusted Mobile App (Android),719,3,1917.65,6.64,0
TXN-100108,CUST-1048,2025-02-17 13:51:40,710.27,Online,Healthcare & Medical,Kolkata,Desktop Web Browser,219,3,262.27,8.85,0
TXN-100444,CUST-1026,2025-02-17 20:14:22,629.11,Online,Grocery & Supermarkets,Delhi,Trusted Mobile App (iOS),664,1,358.99,8.94,0
TXN-100416,CUST-1022,2025-02-18 07:41:00,1656.07,Online,Grocery & Supermarkets,Jaipur,Desktop Web Browser,390,3,519.99,6.77,0
TXN-100070,CUST-1049,2025-02-18 19:10:44,1195.36,Online,Dining & Food,Pune,Trusted Mobile App (iOS),793,1,253.74,72.76,0
TXN-100133,CUST-1026,2025-02-19 05:46:00,648.97,Online,Utilities & Bills,Delhi,Trusted Mobile App (iOS),664,3,495.77,13.18,0
TXN-100298,CUST-1001,2025-02-19 12:47:43,556.23,POS / In-Store,Grocery & Supermarkets,Pune,Trusted Mobile App (Android),439,2,596.86,16.37,0
TXN-100279,CUST-1014,2025-02-20 09:33:14,1084.17,Online,Utilities & Bills,Pune,Trusted Mobile App (iOS),581,2,876.37,17.3,0
TXN-100144,CUST-1044,2025-02-20 17:37:26,411.62,Online,Dining & Food,Mumbai,Desktop Web Browser,1735,3,594.56,2.6,0
TXN-100176,CUST-1014,2025-02-21 07:11:37,819.79,UPI Transfer,Healthcare & Medical,Pune,Trusted Mobile App (iOS),581,1,1176.84,16.27,0
TXN-100288,CUST-1029,2025-02-21 07:12:02,250.47,UPI Transfer,Utilities & Bills,Pune,Trusted Mobile App (iOS),1642,2,518.77,7.28,0
TXN-100324,CUST-1024,2025-02-21 07:47:33,514.17,POS / In-Store,Utilities & Bills,Bengaluru,Trusted Mobile App (Android),1430,2,467.0,14.83,0
TXN-100229,CUST-1038,2025-02-21 08:55:16,672.11,Online,Healthcare & Medical,Pune,Trusted Mobile App (iOS),455,1,802.59,61.55,0
TXN-100484,CUST-1034,2025-02-22 01:05:29,45723.52,Wire Transfer,Luxury Goods & Jewelry,Chennai,New Emulated Device,266,12,483.85,307.92,1
TXN-100252,CUST-1018,2025-02-22 04:36:44,1784.6,POS / In-Store,Grocery & Supermarkets,Hyderabad,Desktop Web Browser,977,1,498.15,2.39,0
TXN-100285,CUST-1032,2025-02-22 09:13:51,559.67,POS / In-Store,Grocery & Supermarkets,Pune,Trusted Mobile App (iOS),754,3,590.88,11.59,0
TXN-100287,CUST-1048,2025-02-22 12:39:16,341.75,UPI Transfer,Dining & Food,Kolkata,Desktop Web Browser,219,2,365.5,9.59,0
TXN-100369,CUST-1014,2025-02-22 21:32:02,405.26,POS / In-Store,Utilities & Bills,Pune,Trusted Mobile App (iOS),581,1,429.4,5.82,0
TXN-100136,CUST-1038,2025-02-23 04:28:37,546.92,Online,Grocery & Supermarkets,Pune,Trusted Mobile App (iOS),455,3,788.26,14.99,0
TXN-100246,CUST-1029,2025-02-23 18:07:31,518.77,Online,Healthcare & Medical,Pune,Trusted Mobile App (iOS),1642,2,319.8,15.63,0
TXN-100266,CUST-1002,2025-02-23 20:52:38,1323.83,POS / In-Store,Utilities & Bills,Kochi,Trusted Mobile App (iOS),501,2,4271.61,15.21,0
TXN-100367,CUST-1006,2025-02-24 07:11:35,657.27,UPI Transfer,Healthcare & Medical,Jaipur,Trusted Mobile App (iOS),1307,3,1069.09,3.62,0
TXN-100253,CUST-1045,2025-02-24 20:44:06,1854.15,POS / In-Store,Healthcare & Medical,Mumbai,Trusted Mobile App (Android),473,3,2180.13,11.31,0
TXN-100495,CUST-1006,2025-02-25 04:12:59,71344.55,ATM Withdrawal,Electronics & Gadgets,Mumbai,Mobile Web Browser,1256,8,1914.0,685.6,1
TXN-100473,CUST-1028,2025-02-25 04:38:41,101803.46,Online,Luxury Goods & Jewelry,Kochi,Unknown Device,1027,5,355.69,827.68,1
TXN-100351,CUST-1009,2025-02-25 14:23:36,1220.55,Online,Utilities & Bills,Kolkata,Trusted Mobile App (Android),1794,2,533.69,13.52,0
TXN-100380,CUST-1010,2025-02-25 19:59:50,176.65,UPI Transfer,Healthcare & Medical,Hyderabad,Trusted Mobile App (iOS),975,3,176.18,61.94,0
TXN-100405,CUST-1012,2025-02-26 11:41:30,2801.02,UPI Transfer,Grocery & Supermarkets,Delhi,Desktop Web Browser,1112,3,2249.64,12.66,0
TXN-100262,CUST-1046,2025-02-26 13:05:13,1035.23,Online,Utilities & Bills,Pune,Trusted Mobile App (Android),719,1,2068.22,6.08,0
TXN-100162,CUST-1009,2025-02-26 20:33:15,719.59,Online,Grocery & Supermarkets,Kolkata,Trusted Mobile App (Android),1794,2,1345.29,2.17,0
TXN-100195,CUST-1029,2025-02-27 08:26:54,682.0,POS / In-Store,Healthcare & Medical,Pune,Trusted Mobile App (iOS),1642,3,383.57,17.05,0
TXN-100118,CUST-1031,2025-02-27 19:59:59,1434.95,Online,Grocery & Supermarkets,Ahmedabad,Trusted Mobile App (iOS),1147,3,1379.9,13.46,0
TXN-100185,CUST-1006,2025-02-28 08:29:01,974.24,UPI Transfer,Dining & Food,Jaipur,Trusted Mobile App (Android),1307,1,1232.22,14.57,0
TXN-100159,CUST-1024,2025-02-28 18:04:27,620.86,UPI Transfer,Dining & Food,Bengaluru,Trusted Mobile App (Android),1430,3,986.45,12.61,0
TXN-100141,CUST-1019,2025-02-28 18:12:56,1376.53,UPI Transfer,Healthcare & Medical,Mumbai,Trusted Mobile App (Android),294,3,529.11,5.54,0
TXN-100439,CUST-1038,2025-02-28 21:29:22,450.36,POS / In-Store,Utilities & Bills,Pune,Trusted Mobile App (iOS),455,2,1031.54,5.69,0
TXN-100043,CUST-1034,2025-03-01 12:48:31,526.49,Online,Utilities & Bills,Kochi,Desktop Web Browser,338,2,740.66,2.66,0
TXN-100106,CUST-1028,2025-03-01 19:49:06,674.92,Online,Grocery & Supermarkets,Kolkata,Trusted Mobile App (iOS),1101,2,747.16,9.59,0
TXN-100238,CUST-1026,2025-03-02 14:49:42,400.2,Online,Grocery & Supermarkets,Delhi,Trusted Mobile App (Android),664,3,581.62,16.3,0
TXN-100486,CUST-1005,2025-03-03 02:26:40,99574.76,ATM Withdrawal,Luxury Goods & Jewelry,Jaipur,New Emulated Device,1334,8,851.82,557.56,1
TXN-100448,CUST-1022,2025-03-03 09:10:12,1388.42,UPI Transfer,Healthcare & Medical,Jaipur,Desktop Web Browser,390,3,1656.07,3.68,0
TXN-100443,CUST-1023,2025-03-03 09:27:14,272.01,Online,Grocery & Supermarkets,Mumbai,Desktop Web Browser,77,2,257.92,10.53,0
TXN-100224,CUST-1016,2025-03-03 13:58:49,1089.11,UPI Transfer,Grocery & Supermarkets,Hyderabad,Trusted Mobile App (Android),1124,3,595.27,16.32,0
TXN-100119,CUST-1048,2025-03-03 16:29:34,380.11,Online,Dining & Food,Kolkata,Desktop Web Browser,219,2,347.78,14.63,0
TXN-100049,CUST-1008,2025-03-04 13:19:33,1548.98,UPI Transfer,Healthcare & Medical,Kochi,Desktop Web Browser,473,3,2026.32,9.32,0
TXN-100029,CUST-1017,2025-03-04 17:31:58,708.57,Online,Healthcare & Medical,Delhi,Trusted Mobile App (Android),1092,1,672.77,14.39,0
TXN-100135,CUST-1001,2025-03-04 20:28:31,773.94,UPI Transfer,Dining & Food,Pune,Trusted Mobile App (Android),439,3,1083.89,6.99,0
TXN-100022,CUST-1043,2025-03-05 08:24:12,453.74,POS / In-Store,Grocery & Supermarkets,Delhi,Desktop Web Browser,619,2,595.61,11.18,0
TXN-100010,CUST-1030,2025-03-05 11:57:57,1416.93,UPI Transfer,Dining & Food,Mumbai,Desktop Web Browser,463,2,1063.9,15.38,0
TXN-100127,CUST-1003,2025-03-05 16:56:16,1244.27,Online,Utilities & Bills,Hyderabad,Trusted Mobile App (iOS),1586,1,786.82,13.21,0
TXN-100199,CUST-1028,2025-03-06 15:20:24,467.1,POS / In-Store,Utilities & Bills,Kolkata,Trusted Mobile App (iOS),1101,1,691.71,5.66,0
TXN-100366,CUST-1009,2025-03-06 18:23:27,818.46,POS / In-Store,Dining & Food,Kolkata,Trusted Mobile App (Android),1794,1,1220.55,13.35,0
TXN-100358,CUST-1007,2025-03-06 22:00:59,537.05,POS / In-Store,Utilities & Bills,Ahmedabad,Trusted Mobile App (iOS),893,1,1884.5,2.92,0
TXN-100429,CUST-1050,2025-03-07 11:32:34,163.78,UPI Transfer,Grocery & Supermarkets,Pune,Trusted Mobile App (Android),501,3,123.09,14.32,0
TXN-100390,CUST-1006,2025-03-07 21:16:46,1695.31,Online,Dining & Food,Jaipur,Trusted Mobile App (iOS),1307,2,1250.47,8.07,0
TXN-100251,CUST-1028,2025-03-08 09:52:00,308.74,Online,Healthcare & Medical,Kolkata,Trusted Mobile App (iOS),1101,3,467.1,11.51,0
TXN-100257,CUST-1001,2025-03-08 11:20:20,725.46,Online,Utilities & Bills,Pune,Trusted Mobile App (Android),439,2,739.48,2.63,0
TXN-100035,CUST-1046,2025-03-08 15:33:17,1085.47,UPI Transfer,Grocery & Supermarkets,Pune,Trusted Mobile App (Android),719,2,1033.13,16.78,0
TXN-100014,CUST-1004,2025-03-08 16:10:06,2152.72,Online,Dining & Food,Delhi,Trusted Mobile App (Android),1523,1,1542.87,1.51,0
TXN-100026,CUST-1015,2025-03-08 22:58:29,594.05,POS / In-Store,Healthcare & Medical,Jaipur,Trusted Mobile App (iOS),900,1,481.16,6.97,0
TXN-100050,CUST-1040,2025-03-09 11:02:28,2283.39,POS / In-Store,Dining & Food,Ahmedabad,Trusted Mobile App (iOS),1762,1,1099.29,12.68,0
TXN-100197,CUST-1017,2025-03-09 13:45:01,554.07,UPI Transfer,Utilities & Bills,Delhi,Trusted Mobile App (Android),1092,2,1475.77,4.81,0
TXN-100245,CUST-1038,2025-03-10 19:38:03,1548.2,POS / In-Store,Utilities & Bills,Pune,Trusted Mobile App (iOS),455,3,672.11,6.08,0
TXN-100465,CUST-1018,2025-03-11 12:29:35,1543.56,POS / In-Store,Utilities & Bills,Hyderabad,Desktop Web Browser,977,2,662.32,9.04,0
TXN-100082,CUST-1024,2025-03-11 17:43:36,986.45,UPI Transfer,Healthcare & Medical,Bengaluru,Trusted Mobile App (Android),1430,1,1601.76,6.1,0
TXN-100468,CUST-1002,2025-03-12 14:25:51,3837.11,UPI Transfer,Utilities & Bills,Kochi,Trusted Mobile App (iOS),501,1,2174.0,1.56,0
TXN-100382,CUST-1011,2025-03-12 14:42:10,405.34,Online,Utilities & Bills,Bengaluru,Desktop Web Browser,723,3,411.19,0.54,0
TXN-100166,CUST-1028,2025-03-12 14:44:42,691.71,Online,Utilities & Bills,Kolkata,Trusted Mobile App (iOS),1101,2,574.8,16.35,0
TXN-100031,CUST-1047,2025-03-12 18:24:44,913.66,UPI Transfer,Grocery & Supermarkets,Pune,Trusted Mobile App (Android),878,1,875.95,5.84,0
TXN-100457,CUST-1044,2025-03-12 18:58:00,438.8,Online,Grocery & Supermarkets,Mumbai,Desktop Web Browser,1735,2,569.49,10.1,0
TXN-100255,CUST-1014,2025-03-13 08:24:32,876.37,POS / In-Store,Utilities & Bills,Pune,Trusted Mobile App (iOS),581,3,819.79,8.25,0
TXN-100265,CUST-1037,2025-03-13 09:02:39,863.79,Online,Utilities & Bills,Chennai,Trusted Mobile App (iOS),393,1,1739.14,13.14,0
TXN-100377,CUST-1021,2025-03-13 10:34:15,1838.85,POS / In-Store,Utilities & Bills,Ahmedabad,Desktop Web Browser,393,2,978.69,13.4,0
TXN-100290,CUST-1038,2025-03-13 16:16:20,1105.99,POS / In-Store,Utilities & Bills,Pune,Trusted Mobile App (iOS),455,2,1548.2,13.97,0
TXN-100483,CUST-1038,2025-03-14 04:23:39,242250.63,Wire Transfer,Crypto & Digital Assets,Jaipur,Mobile Web Browser,363,11,1109.76,616.3,1
TXN-100422,CUST-1018,2025-03-14 10:37:49,1690.54,UPI Transfer,Utilities & Bills,Hyderabad,Desktop Web Browser,977,1,1383.07,13.52,0
TXN-100102,CUST-1022,2025-03-14 13:42:46,886.97,Online,Healthcare & Medical,Jaipur,Desktop Web Browser,390,3,1000.52,4.39,0
TXN-100383,CUST-1025,2025-03-14 17:13:09,2645.18,POS / In-Store,Healthcare & Medical,Pune,Trusted Mobile App (iOS),901,1,1360.25,12.65,0
TXN-100120,CUST-1041,2025-03-15 13:42:11,394.13,POS / In-Store,Healthcare & Medical,Chennai,Trusted Mobile App (iOS),1786,1,473.83,8.89,0
TXN-100264,CUST-1046,2025-03-15 16:45:04,2260.15,Online,Grocery & Supermarkets,Pune,Trusted Mobile App (Android),719,3,1035.23,10.07,0
TXN-100243,CUST-1022,2025-03-16 16:40:21,519.99,POS / In-Store,Utilities & Bills,Jaipur,Desktop Web Browser,390,2,655.71,6.82,0
TXN-100218,CUST-1034,2025-03-16 18:12:05,1321.42,UPI Transfer,Utilities & Bills,Kochi,Desktop Web Browser,338,3,936.08,3.99,0
TXN-100442,CUST-1011,2025-03-17 19:17:00,653.19,POS / In-Store,Utilities & Bills,Bengaluru,Mobile Web Browser,723,1,976.28,17.51,0
TXN-100297,CUST-1008,2025-03-17 21:39:19,1546.34,UPI Transfer,Grocery & Supermarkets,Kochi,Mobile Web Browser,473,1,700.23,8.5,0
TXN-100479,CUST-1036,2025-03-18 03:17:49,147382.57,Wire Transfer,Luxury Goods & Jewelry,Bengaluru,Mobile Web Browser,259,12,231.79,469.54,1
TXN-100397,CUST-1011,2025-03-18 07:33:34,604.04,UPI Transfer,Healthcare & Medical,Bengaluru,Desktop Web Browser,723,2,405.34,11.67,0
TXN-100365,CUST-1021,2025-03-18 08:44:49,978.69,POS / In-Store,Utilities & Bills,Ahmedabad,Desktop Web Browser,393,1,1037.78,3.27,0
TXN-100023,CUST-1048,2025-03-19 14:11:35,262.27,POS / In-Store,Utilities & Bills,Kolkata,Desktop Web Browser,219,1,421.8,17.85,0
TXN-100424,CUST-1017,2025-03-19 17:04:07,961.45,POS / In-Store,Grocery & Supermarkets,Delhi,Trusted Mobile App (Android),1092,3,645.73,4.9,0
TXN-100475,CUST-1006,2025-03-20 02:10:56,204283.03,Online,Crypto & Digital Assets,Chennai,New Emulated Device,1267,5,1914.0,484.39,1
TXN-100242,CUST-1048,2025-03-20 10:55:52,365.5,Online,Utilities & Bills,Kolkata,Desktop Web Browser,219,1,603.42,15.87,0
TXN-100352,CUST-1030,2025-03-21 10:47:17,883.98,POS / In-Store,Utilities & Bills,Mumbai,Trusted Mobile App (Android),463,3,845.11,7.19,0
TXN-100177,CUST-1013,2025-03-22 09:20:11,491.22,POS / In-Store,Utilities & Bills,Delhi,Trusted Mobile App (Android),677,2,726.99,16.15,0
TXN-100428,CUST-1028,2025-03-22 13:09:17,216.29,POS / In-Store,Grocery & Supermarkets,Kolkata,Trusted Mobile App (iOS),1101,3,457.67,14.74,0
TXN-100462,CUST-1010,2025-03-22 20:02:05,229.04,Online,Grocery & Supermarkets,Hyderabad,Trusted Mobile App (iOS),975,2,176.65,7.22,0
TXN-100283,CUST-1046,2025-03-22 22:23:50,1583.64,Online,Healthcare & Medical,Pune,Trusted Mobile App (Android),719,1,2453.37,9.49,0
TXN-100375,CUST-1034,2025-03-22 23:46:47,917.76,UPI Transfer,Utilities & Bills,Kochi,Desktop Web Browser,338,3,613.1,1.6,0
TXN-100338,CUST-1024,2025-03-23 14:03:23,550.22,POS / In-Store,Grocery & Supermarkets,Bengaluru,Trusted Mobile App (Android),1430,3,1250.66,0.86,0
TXN-100100,CUST-1038,2025-03-23 16:51:20,1292.08,POS / In-Store,Grocery & Supermarkets,Pune,Trusted Mobile App (iOS),455,1,1068.18,7.24,0
TXN-100409,CUST-1024,2025-03-24 00:16:32,983.55,POS / In-Store,Dining & Food,Bengaluru,Trusted Mobile App (Android),1430,2,550.22,6.25,0
TXN-100040,CUST-1013,2025-03-24 05:01:49,321.9,UPI Transfer,Dining & Food,Delhi,Trusted Mobile App (Android),677,1,468.71,10.63,0
TXN-100202,CUST-1024,2025-03-24 11:29:21,350.05,POS / In-Store,Dining & Food,Bengaluru,Trusted Mobile App (Android),1430,2,573.42,10.44,0
TXN-100093,CUST-1004,2025-03-25 13:32:19,2201.57,POS / In-Store,Utilities & Bills,Delhi,Trusted Mobile App (Android),1523,3,2152.72,16.66,0
TXN-100192,CUST-1048,2025-03-25 15:25:42,603.42,UPI Transfer,Dining & Food,Kolkata,Desktop Web Browser,219,2,490.37,8.22,0
TXN-100415,CUST-1006,2025-03-26 04:41:51,891.01,UPI Transfer,Utilities & Bills,Jaipur,Trusted Mobile App (iOS),1307,3,1695.31,7.05,0
TXN-100237,CUST-1039,2025-03-26 07:41:30,636.08,UPI Transfer,Grocery & Supermarkets,Jaipur,Mobile Web Browser,1608,1,117.66,13.28,0
TXN-100058,CUST-1020,2025-03-26 09:53:39,845.54,POS / In-Store,Grocery & Supermarkets,Mumbai,Desktop Web Browser,359,2,1164.24,69.29,0
TXN-100034,CUST-1043,2025-03-26 18:31:46,298.6,POS / In-Store,Utilities & Bills,Delhi,Desktop Web Browser,619,2,453.74,15.83,0
TXN-100296,CUST-1019,2025-03-27 04:43:47,562.35,POS / In-Store,Grocery & Supermarkets,Ahmedabad,Trusted Mobile App (Android),294,3,1376.53,53.54,0
TXN-100002,CUST-1019,2025-03-27 09:56:43,608.27,POS / In-Store,Utilities & Bills,Mumbai,Trusted Mobile App (Android),294,3,562.84,17.37,0
TXN-100289,CUST-1017,2025-03-28 11:36:11,747.77,UPI Transfer,Utilities & Bills,Delhi,Trusted Mobile App (Android),1092,3,780.23,4.28,0
TXN-100467,CUST-1027,2025-03-28 14:10:17,1386.39,Online,Dining & Food,Kochi,Trusted Mobile App (iOS),810,2,2264.51,10.87,0
TXN-100020,CUST-1050,2025-03-28 17:37:00,125.11,Online,Dining & Food,Pune,Trusted Mobile App (Android),501,1,150.0,7.44,0
TXN-100244,CUST-1002,2025-03-28 19:24:15,4271.61,Online,Healthcare & Medical,Kochi,Trusted Mobile App (iOS),501,2,3680.04,11.86,0
TXN-100180,CUST-1008,2025-03-29 16:13:31,2380.55,POS / In-Store,Grocery & Supermarkets,Kochi,Desktop Web Browser,473,2,1010.66,0.67,0
TXN-100282,CUST-1011,2025-03-29 18:52:19,401.38,Online,Utilities & Bills,Bengaluru,Desktop Web Browser,723,2,298.07,3.11,0
TXN-100337,CUST-1027,2025-03-30 08:26:26,3765.71,Online,Healthcare & Medical,Kochi,Trusted Mobile App (iOS),810,3,2171.16,3.76,0
TXN-100368,CUST-1040,2025-03-30 12:37:11,1124.8,UPI Transfer,Dining & Food,Kochi,Trusted Mobile App (iOS),1762,1,609.88,29.3,0
TXN-100039,CUST-1018,2025-03-30 17:38:32,1901.82,POS / In-Store,Dining & Food,Hyderabad,Desktop Web Browser,977,2,1279.18,0.85,0
TXN-100477,CUST-1050,2025-04-01 02:28:06,129427.27,Wire Transfer,Crypto & Digital Assets,Bengaluru,Unknown Device,433,9,228.35,331.74,1
TXN-100292,CUST-1017,2025-04-01 08:30:59,1148.82,UPI Transfer,Utilities & Bills,Delhi,Trusted Mobile App (Android),1092,1,747.77,10.36,0
TXN-100201,CUST-1010,2025-04-01 15:33:32,176.18,POS / In-Store,Healthcare & Medical,Chennai,Trusted Mobile App (iOS),975,2,493.87,58.84,0
TXN-100346,CUST-1017,2025-04-02 09:31:30,687.83,POS / In-Store,Healthcare & Medical,Delhi,Trusted Mobile App (Android),1092,1,2022.46,10.8,0
TXN-100421,CUST-1030,2025-04-02 15:12:22,814.27,Online,Healthcare & Medical,Ahmedabad,Mobile Web Browser,463,3,883.98,34.71,0
TXN-100334,CUST-1042,2025-04-03 11:07:01,3155.9,POS / In-Store,Healthcare & Medical,Kolkata,Trusted Mobile App (iOS),1419,1,1837.63,13.85,0
TXN-100332,CUST-1046,2025-04-03 14:44:46,1315.1,Online,Healthcare & Medical,Pune,Trusted Mobile App (Android),719,3,1583.64,16.37,0
TXN-100491,CUST-1007,2025-04-04 03:16:21,93661.09,ATM Withdrawal,Luxury Goods & Jewelry,Jaipur,New Emulated Device,851,10,403.72,643.49,1
TXN-100295,CUST-1001,2025-04-04 05:49:05,596.86,POS / In-Store,Healthcare & Medical,Pune,Trusted Mobile App (Android),439,2,725.46,1.23,0
TXN-100073,CUST-1010,2025-04-04 11:30:19,493.87,UPI Transfer,Utilities & Bills,Ahmedabad,Trusted Mobile App (iOS),975,3,309.49,30.08,0
TXN-100149,CUST-1012,2025-04-04 17:28:39,804.65,POS / In-Store,Healthcare & Medical,Delhi,Desktop Web Browser,1112,2,998.38,16.75,0
TXN-100335,CUST-1039,2025-04-04 22:34:45,382.69,UPI Transfer,Utilities & Bills,Jaipur,Trusted Mobile App (Android),1608,2,326.4,16.5,0
TXN-100345,CUST-1039,2025-04-05 09:12:36,288.55,Online,Utilities & Bills,Jaipur,Trusted Mobile App (Android),1608,1,382.69,16.69,0
TXN-100247,CUST-1049,2025-04-05 21:17:31,427.38,Online,Dining & Food,Bengaluru,Trusted Mobile App (iOS),793,3,1475.58,9.34,0
TXN-100499,CUST-1039,2025-04-06 04:42:10,127192.43,Wire Transfer,Electronics & Gadgets,Kochi,Unknown Device,1517,5,254.58,726.35,1
TXN-100217,CUST-1026,2025-04-07 10:42:43,581.62,POS / In-Store,Grocery & Supermarkets,Delhi,Trusted Mobile App (iOS),664,3,463.88,13.17,0
TXN-100148,CUST-1001,2025-04-07 10:53:14,1338.13,UPI Transfer,Grocery & Supermarkets,Pune,Mobile Web Browser,439,2,773.94,3.73,0
TXN-100200,CUST-1008,2025-04-07 12:07:18,700.23,Online,Healthcare & Medical,Kochi,Desktop Web Browser,473,1,2380.55,14.79,0
TXN-100124,CUST-1034,2025-04-08 00:28:51,1352.22,Online,Utilities & Bills,Mumbai,Desktop Web Browser,338,1,1096.19,57.06,0
TXN-100341,CUST-1032,2025-04-10 21:17:16,339.11,POS / In-Store,Dining & Food,Pune,Desktop Web Browser,754,3,475.48,8.97,0
TXN-100155,CUST-1008,2025-04-11 07:03:33,1010.66,POS / In-Store,Grocery & Supermarkets,Kochi,Desktop Web Browser,473,2,2347.11,12.22,0
TXN-100420,CUST-1041,2025-04-11 07:04:18,381.94,POS / In-Store,Utilities & Bills,Chennai,Trusted Mobile App (iOS),1786,2,739.4,12.22,0
TXN-100301,CUST-1039,2025-04-11 17:26:20,326.4,UPI Transfer,Grocery & Supermarkets,Jaipur,Trusted Mobile App (Android),1608,3,268.63,13.26,0
TXN-100406,CUST-1043,2025-04-12 09:43:23,954.26,Online,Dining & Food,Delhi,Desktop Web Browser,619,3,322.38,9.34,0
TXN-100051,CUST-1041,2025-04-12 22:10:36,343.55,POS / In-Store,Utilities & Bills,Chennai,Trusted Mobile App (iOS),1786,1,414.14,10.25,0
TXN-100472,CUST-1049,2025-04-13 02:45:47,109920.93,Online,Luxury Goods & Jewelry,Kolkata,Mobile Web Browser,792,7,517.13,847.36,1
TXN-100272,CUST-1046,2025-04-14 07:13:23,2453.37,Online,Healthcare & Medical,Pune,Trusted Mobile App (Android),719,2,2260.15,1.16,0
TXN-100013,CUST-1044,2025-04-14 07:37:58,682.16,Online,Healthcare & Medical,Mumbai,Desktop Web Browser,1735,1,550.47,5.08,0
TXN-100038,CUST-1045,2025-04-14 19:20:51,1876.77,Online,Grocery & Supermarkets,Mumbai,Trusted Mobile App (Android),473,3,1188.52,16.53,0
TXN-100450,CUST-1049,2025-04-15 12:49:12,517.13,POS / In-Store,Grocery & Supermarkets,Bengaluru,Trusted Mobile App (iOS),793,3,635.74,7.84,0
TXN-100379,CUST-1039,2025-04-15 15:01:53,159.13,UPI Transfer,Dining & Food,Jaipur,Trusted Mobile App (Android),1608,1,288.55,2.75,0
TXN-100081,CUST-1017,2025-04-15 17:06:26,442.05,UPI Transfer,Grocery & Supermarkets,Mumbai,Trusted Mobile App (Android),1092,1,1400.9,72.36,0
TXN-100372,CUST-1043,2025-04-15 20:09:40,405.91,Online,Utilities & Bills,Delhi,Desktop Web Browser,619,3,605.47,29.78,0
TXN-100097,CUST-1050,2025-04-15 21:43:22,355.24,UPI Transfer,Healthcare & Medical,Pune,Trusted Mobile App (Android),501,1,394.22,11.34,0
TXN-100376,CUST-1018,2025-04-16 13:16:34,2561.63,UPI Transfer,Utilities & Bills,Hyderabad,Desktop Web Browser,977,1,1037.55,15.19,0
TXN-100330,CUST-1024,2025-04-16 20:57:29,1250.66,Online,Utilities & Bills,Chennai,Trusted Mobile App (Android),1430,2,514.17,39.02,0
TXN-100053,CUST-1012,2025-04-18 10:46:22,921.0,Online,Dining & Food,Delhi,Mobile Web Browser,1112,1,1194.33,1.08,0
TXN-100140,CUST-1041,2025-04-18 13:37:44,306.78,UPI Transfer,Healthcare & Medical,Chennai,Trusted Mobile App (iOS),1786,3,394.13,10.29,0
TXN-100072,CUST-1042,2025-04-18 23:55:21,2282.56,UPI Transfer,Dining & Food,Kolkata,Trusted Mobile App (iOS),1419,3,1566.96,15.76,0
TXN-100498,CUST-1012,2025-04-19 01:03:32,197161.93,ATM Withdrawal,Crypto & Digital Assets,Kolkata,Mobile Web Browser,1044,6,2801.02,448.18,1
TXN-100009,CUST-1024,2025-04-19 16:12:26,1601.76,UPI Transfer,Dining & Food,Bengaluru,Trusted Mobile App (Android),1430,2,688.04,17.86,0
TXN-100143,CUST-1002,2025-04-20 13:02:23,3680.04,POS / In-Store,Utilities & Bills,Kochi,Trusted Mobile App (iOS),501,1,1717.99,6.03,0
TXN-100496,CUST-1050,2025-04-21 02:37:28,113091.18,ATM Withdrawal,Electronics & Gadgets,Mumbai,Unknown Device,407,10,228.35,825.08,1
TXN-100250,CUST-1021,2025-04-21 13:53:57,882.43,Online,Dining & Food,Ahmedabad,Desktop Web Browser,393,2,1407.97,8.16,0
TXN-100154,CUST-1026,2025-04-22 13:44:06,641.12,POS / In-Store,Utilities & Bills,Delhi,Trusted Mobile App (iOS),664,3,648.97,11.72,0
TXN-100407,CUST-1023,2025-04-22 13:46:44,157.12,UPI Transfer,Dining & Food,Mumbai,Trusted Mobile App (iOS),77,3,397.43,6.46,0
TXN-100240,CUST-1044,2025-04-22 17:36:53,569.49,POS / In-Store,Grocery & Supermarkets,Mumbai,Desktop Web Browser,1735,3,472.59,8.88,0
TXN-100189,CUST-1042,2025-04-23 07:10:38,1619.22,POS / In-Store,Utilities & Bills,Kolkata,Trusted Mobile App (iOS),1419,1,2559.59,11.9,0
TXN-100086,CUST-1046,2025-04-23 07:42:55,1095.75,Online,Grocery & Supermarkets,Pune,Mobile Web Browser,719,1,1276.16,1.08,0
TXN-100025,CUST-1012,2025-04-23 11:00:01,1194.33,Online,Dining & Food,Mumbai,Mobile Web Browser,1112,3,1084.74,47.66,0
TXN-100134,CUST-1022,2025-04-23 12:14:04,1583.05,POS / In-Store,Grocery & Supermarkets,Jaipur,Desktop Web Browser,390,3,886.97,17.18,0
TXN-100364,CUST-1036,2025-04-23 12:23:38,231.79,Online,Healthcare & Medical,Delhi,Trusted Mobile App (iOS),324,3,282.1,5.81,0
TXN-100302,CUST-1005,2025-04-24 19:33:44,1416.37,POS / In-Store,Dining & Food,Delhi,Desktop Web Browser,1431,3,1678.66,22.42,0
TXN-100389,CUST-1002,2025-04-25 11:45:36,1286.5,POS / In-Store,Grocery & Supermarkets,Kochi,Trusted Mobile App (iOS),501,1,2693.2,4.14,0
TXN-100156,CUST-1031,2025-04-25 12:29:16,999.66,Online,Grocery & Supermarkets,Ahmedabad,Trusted Mobile App (Android),1147,2,1434.95,1.44,0
TXN-100234,CUST-1006,2025-04-26 01:10:30,1069.09,UPI Transfer,Healthcare & Medical,Jaipur,Trusted Mobile App (iOS),1307,2,974.24,12.4,0
TXN-100206,CUST-1034,2025-04-26 15:40:43,936.08,POS / In-Store,Utilities & Bills,Kochi,Desktop Web Browser,338,2,1352.22,11.35,0
TXN-100056,CUST-1016,2025-04-26 16:59:56,1255.31,Online,Utilities & Bills,Hyderabad,Trusted Mobile App (Android),1124,3,771.76,16.17,0
TXN-100152,CUST-1020,2025-04-26 19:07:17,530.26,UPI Transfer,Healthcare & Medical,Hyderabad,Desktop Web Browser,359,1,1133.73,3.04,0
TXN-100151,CUST-1001,2025-04-26 20:26:57,673.74,Online,Healthcare & Medical,Pune,Trusted Mobile App (Android),439,2,1338.13,17.69,0
TXN-100094,CUST-1020,2025-04-27 13:42:49,1133.73,POS / In-Store,Dining & Food,Hyderabad,Desktop Web Browser,359,3,737.88,9.52,0
TXN-100121,CUST-1013,2025-04-27 22:33:54,441.99,UPI Transfer,Grocery & Supermarkets,Delhi,Trusted Mobile App (Android),677,2,475.53,3.36,0
TXN-100309,CUST-1012,2025-04-27 22:39:20,1257.5,UPI Transfer,Grocery & Supermarkets,Delhi,Desktop Web Browser,1112,1,1795.51,12.15,0
TXN-100065,CUST-1017,2025-04-28 07:35:35,1400.9,Online,Dining & Food,Delhi,Trusted Mobile App (Android),1092,3,878.37,17.57,0
TXN-100052,CUST-1002,2025-04-28 11:08:33,1811.87,POS / In-Store,Utilities & Bills,Kochi,Trusted Mobile App (iOS),501,2,2420.79,1.7,0
TXN-100445,CUST-1048,2025-04-28 18:05:08,474.09,POS / In-Store,Healthcare & Medical,Kolkata,Desktop Web Browser,219,2,341.75,11.31,0
TXN-100105,CUST-1037,2025-04-28 18:12:24,1201.15,UPI Transfer,Grocery & Supermarkets,Chennai,Trusted Mobile App (iOS),393,3,911.06,0.92,0
TXN-100336,CUST-1027,2025-04-28 20:58:41,2171.16,Online,Grocery & Supermarkets,Kochi,Trusted Mobile App (iOS),810,2,2054.28,5.71,0
TXN-100494,CUST-1031,2025-04-30 02:06:39,216927.49,ATM Withdrawal,Luxury Goods & Jewelry,Jaipur,Unknown Device,1056,8,812.54,185.27,1
TXN-100248,CUST-1001,2025-04-30 02:12:18,739.48,Online,Grocery & Supermarkets,Pune,Trusted Mobile App (Android),439,3,291.53,17.51,0
TXN-100232,CUST-1004,2025-04-30 03:24:26,1305.34,Online,Healthcare & Medical,Delhi,Trusted Mobile App (iOS),1523,3,2574.51,10.09,0
TXN-100294,CUST-1025,2025-04-30 09:16:47,1360.25,Online,Grocery & Supermarkets,Pune,Trusted Mobile App (iOS),901,3,943.34,2.98,0
TXN-100074,CUST-1029,2025-04-30 10:30:45,653.16,Online,Grocery & Supermarkets,Pune,Trusted Mobile App (iOS),1642,2,318.62,16.61,0
TXN-100391,CUST-1007,2025-04-30 17:09:13,841.61,POS / In-Store,Utilities & Bills,Ahmedabad,Trusted Mobile App (iOS),893,3,537.05,16.34,0
TXN-100413,CUST-1037,2025-05-01 13:19:32,1169.0,POS / In-Store,Healthcare & Medical,Chennai,Trusted Mobile App (iOS),393,2,1548.64,16.48,0
TXN-100036,CUST-1020,2025-05-01 13:28:28,1164.24,UPI Transfer,Grocery & Supermarkets,Hyderabad,Desktop Web Browser,359,2,546.2,9.64,0
TXN-100432,CUST-1034,2025-05-02 04:43:13,483.85,POS / In-Store,Dining & Food,Kochi,Desktop Web Browser,338,1,917.76,15.54,0
TXN-100363,CUST-1034,2025-05-02 12:58:28,613.1,POS / In-Store,Healthcare & Medical,Kochi,Desktop Web Browser,338,2,779.06,14.69,0
TXN-100196,CUST-1037,2025-05-03 00:03:21,2221.81,POS / In-Store,Dining & Food,Chennai,Trusted Mobile App (iOS),393,2,1201.15,10.39,0
TXN-100054,CUST-1012,2025-05-03 19:27:40,575.39,POS / In-Store,Healthcare & Medical,Delhi,Desktop Web Browser,1112,2,921.0,10.03,0
TXN-100226,CUST-1012,2025-05-04 13:18:17,1795.51,POS / In-Store,Healthcare & Medical,Delhi,Desktop Web Browser,1112,3,1177.66,17.85,0
TXN-100045,CUST-1017,2025-05-04 16:09:12,878.37,Online,Utilities & Bills,Delhi,Trusted Mobile App (Android),1092,3,708.57,9.43,0
TXN-100267,CUST-1043,2025-05-04 21:33:43,647.53,UPI Transfer,Grocery & Supermarkets,Kolkata,Desktop Web Browser,619,1,579.92,42.9,0
TXN-100414,CUST-1045,2025-05-04 21:48:13,1689.29,UPI Transfer,Healthcare & Medical,Mumbai,Trusted Mobile App (Android),473,3,512.12,16.73,0
TXN-100041,CUST-1043,2025-05-05 07:23:05,796.48,Online,Dining & Food,Delhi,Desktop Web Browser,619,3,298.6,8.02,0
TXN-100447,CUST-1006,2025-05-05 15:10:35,1229.51,Online,Grocery & Supermarkets,Ahmedabad,Trusted Mobile App (iOS),1307,2,891.01,32.73,0
TXN-100123,CUST-1009,2025-05-05 15:17:18,893.73,POS / In-Store,Utilities & Bills,Kolkata,Trusted Mobile App (Android),1794,1,1110.29,14.64,0
TXN-100190,CUST-1036,2025-05-06 10:41:39,977.86,POS / In-Store,Utilities & Bills,Delhi,Trusted Mobile App (iOS),324,2,380.16,15.61,0
TXN-100079,CUST-1002,2025-05-06 12:37:52,1998.95,UPI Transfer,Utilities & Bills,Hyderabad,Trusted Mobile App (iOS),501,2,1811.87,63.91,0
TXN-100249,CUST-1013,2025-05-06 16:42:04,1036.56,Online,Grocery & Supermarkets,Delhi,Trusted Mobile App (Android),677,3,349.57,7.9,0
TXN-100333,CUST-1003,2025-05-07 10:17:34,1125.16,POS / In-Store,Dining & Food,Hyderabad,Trusted Mobile App (iOS),1586,2,1225.13,2.51,0
TXN-100087,CUST-1019,2025-05-07 15:15:18,529.11,UPI Transfer,Grocery & Supermarkets,Mumbai,Trusted Mobile App (Android),294,3,563.02,4.68,0
TXN-100116,CUST-1048,2025-05-08 09:37:07,347.78,Online,Healthcare & Medical,Kolkata,Desktop Web Browser,219,3,710.27,11.58,0
TXN-100006,CUST-1023,2025-05-08 10:32:27,298.12,POS / In-Store,Dining & Food,Mumbai,Trusted Mobile App (iOS),77,3,249.76,0.52,0
TXN-100374,CUST-1023,2025-05-08 11:09:00,397.43,UPI Transfer,Utilities & Bills,Mumbai,Trusted Mobile App (iOS),77,3,337.29,12.81,0
TXN-100145,CUST-1013,2025-05-08 11:35:24,726.99,UPI Transfer,Dining & Food,Delhi,Trusted Mobile App (Android),677,2,441.99,16.85,0
TXN-100433,CUST-1015,2025-05-08 11:41:24,700.29,POS / In-Store,Dining & Food,Jaipur,Trusted Mobile App (iOS),900,3,791.06,14.26,0
TXN-100271,CUST-1011,2025-05-08 18:03:05,298.07,POS / In-Store,Healthcare & Medical,Bengaluru,Desktop Web Browser,723,1,532.32,4.15,0
TXN-100303,CUST-1049,2025-05-09 11:14:51,724.5,UPI Transfer,Utilities & Bills,Bengaluru,Trusted Mobile App (iOS),793,2,519.49,16.33,0
TXN-100451,CUST-1018,2025-05-09 14:07:58,1712.53,POS / In-Store,Utilities & Bills,Hyderabad,Desktop Web Browser,977,3,1405.05,8.22,0
TXN-100281,CUST-1040,2025-05-09 19:17:08,625.29,POS / In-Store,Dining & Food,Ahmedabad,Trusted Mobile App (iOS),1762,3,944.23,14.16,0
TXN-100064,CUST-1013,2025-05-10 15:11:58,475.53,POS / In-Store,Healthcare & Medical,Delhi,Trusted Mobile App (Android),677,3,296.96,8.88,0
TXN-100500,CUST-1022,2025-05-11 01:56:36,103552.91,Online,Crypto & Digital Assets,Delhi,Unknown Device,380,8,2502.88,604.55,1
TXN-100464,CUST-1016,2025-05-11 09:23:48,834.69,UPI Transfer,Grocery & Supermarkets,Hyderabad,Trusted Mobile App (Android),1124,3,1089.11,3.9,0
TXN-100153,CUST-1009,2025-05-11 22:00:21,1345.29,UPI Transfer,Dining & Food,Kolkata,Trusted Mobile App (Android),1794,1,1256.74,1.17,0
TXN-100492,CUST-1044,2025-05-12 04:14:22,62081.37,Online,Luxury Goods & Jewelry,Ahmedabad,New Emulated Device,1695,6,438.8,618.7,1
TXN-100431,CUST-1028,2025-05-12 07:40:33,355.69,UPI Transfer,Utilities & Bills,Kolkata,Trusted Mobile App (iOS),1101,1,216.29,12.27,0
TXN-100004,CUST-1025,2025-05-12 21:12:19,2344.7,POS / In-Store,Utilities & Bills,Pune,Trusted Mobile App (iOS),901,3,1814.58,16.03,0
TXN-100481,CUST-1044,2025-05-13 03:05:28,161796.32,Online,Luxury Goods & Jewelry,Bengaluru,Unknown Device,1713,6,438.8,531.88,1
TXN-100493,CUST-1013,2025-05-14 02:16:49,51745.87,Online,Electronics & Gadgets,Hyderabad,Unknown Device,647,8,348.45,274.3,1
TXN-100263,CUST-1011,2025-05-14 22:27:18,532.32,UPI Transfer,Dining & Food,Bengaluru,Desktop Web Browser,723,3,1235.4,10.33,0
TXN-100370,CUST-1029,2025-05-15 03:13:31,467.09,UPI Transfer,Dining & Food,Pune,Trusted Mobile App (iOS),1642,3,375.88,10.74,0
TXN-100357,CUST-1001,2025-05-15 04:45:07,647.6,Online,Dining & Food,Pune,Trusted Mobile App (Android),439,1,327.76,8.44,0
TXN-100256,CUST-1032,2025-05-15 07:39:33,551.8,Online,Grocery & Supermarkets,Pune,Trusted Mobile App (iOS),754,1,685.87,4.08,0
TXN-100269,CUST-1015,2025-05-17 08:36:10,598.4,Online,Utilities & Bills,Kolkata,Trusted Mobile App (iOS),900,3,244.82,44.19,0
TXN-100308,CUST-1021,2025-05-17 08:37:58,1045.77,UPI Transfer,Utilities & Bills,Ahmedabad,Desktop Web Browser,393,2,882.43,4.36,0
TXN-100373,CUST-1027,2025-05-17 11:24:17,2264.51,Online,Healthcare & Medical,Kochi,Trusted Mobile App (iOS),810,1,3765.71,9.42,0
TXN-100215,CUST-1024,2025-05-17 16:22:19,933.33,Online,Healthcare & Medical,Kochi,Trusted Mobile App (Android),1430,2,350.05,31.08,0
TXN-100080,CUST-1012,2025-05-18 17:41:39,519.15,Online,Healthcare & Medical,Delhi,Desktop Web Browser,1112,1,575.39,11.78,0
TXN-100161,CUST-1020,2025-05-18 19:35:17,1319.95,UPI Transfer,Dining & Food,Hyderabad,Desktop Web Browser,359,1,530.26,3.51,0
TXN-100408,CUST-1039,2025-05-19 13:29:46,254.58,Online,Healthcare & Medical,Delhi,Trusted Mobile App (Android),1608,1,159.13,44.43,0
TXN-100466,CUST-1001,2025-05-19 14:36:25,585.73,POS / In-Store,Grocery & Supermarkets,Hyderabad,Trusted Mobile App (Android),439,2,677.16,27.72,0
TXN-100219,CUST-1020,2025-05-19 20:10:17,787.2,POS / In-Store,Grocery & Supermarkets,Hyderabad,Desktop Web Browser,359,3,1031.36,13.74,0
TXN-100061,CUST-1041,2025-05-20 08:38:38,473.83,Online,Healthcare & Medical,Chennai,Trusted Mobile App (iOS),1786,2,343.55,17.74,0
TXN-100126,CUST-1050,2025-05-20 12:39:30,198.96,POS / In-Store,Utilities & Bills,Pune,Trusted Mobile App (Android),501,2,355.24,13.84,0
TXN-100220,CUST-1046,2025-05-20 13:56:04,1549.53,UPI Transfer,Dining & Food,Pune,Trusted Mobile App (Android),719,2,1367.77,2.21,0
TXN-100175,CUST-1042,2025-05-20 19:01:13,3199.1,Online,Healthcare & Medical,Kolkata,Trusted Mobile App (iOS),1419,2,2552.4,15.41,0
TXN-100474,CUST-1017,2025-05-21 04:27:02,232956.19,Online,Crypto & Digital Assets,Jaipur,Unknown Device,1014,11,348.45,194.74,1
TXN-100319,CUST-1031,2025-05-21 19:53:56,1495.15,UPI Transfer,Healthcare & Medical,Ahmedabad,Trusted Mobile App (Android),1147,3,1862.53,3.13,0
TXN-100235,CUST-1046,2025-05-22 04:49:02,1255.87,Online,Dining & Food,Pune,Trusted Mobile App (Android),719,1,1549.53,5.46,0
TXN-100434,CUST-1042,2025-05-23 18:28:36,2659.38,POS / In-Store,Healthcare & Medical,Kolkata,Trusted Mobile App (iOS),1419,1,2151.55,2.78,0
TXN-100284,CUST-1032,2025-05-24 00:31:22,590.88,POS / In-Store,Utilities & Bills,Pune,Trusted Mobile App (iOS),754,1,551.8,2.95,0
TXN-100305,CUST-1019,2025-05-24 08:32:01,684.33,POS / In-Store,Healthcare & Medical,Jaipur,Mobile Web Browser,294,2,562.35,58.3,0
TXN-100349,CUST-1040,2025-05-24 13:12:45,609.88,Online,Healthcare & Medical,Ahmedabad,Trusted Mobile App (iOS),1762,2,625.29,2.75,0
TXN-100168,CUST-1016,2025-05-24 21:54:23,595.27,POS / In-Store,Healthcare & Medical,Hyderabad,Trusted Mobile App (Android),1124,1,1255.31,8.63,0
TXN-100254,CUST-1050,2025-05-24 22:15:37,132.22,UPI Transfer,Healthcare & Medical,Kochi,Trusted Mobile App (Android),501,1,198.96,56.7,0
TXN-100037,CUST-1008,2025-05-24 22:48:58,2026.32,POS / In-Store,Dining & Food,Ahmedabad,Desktop Web Browser,473,3,1137.41,43.42,0
TXN-100163,CUST-1015,2025-05-25 14:38:48,244.82,Online,Utilities & Bills,Jaipur,Mobile Web Browser,900,1,702.32,11.18,0
TXN-100270,CUST-1027,2025-05-26 22:53:45,1512.42,Online,Healthcare & Medical,Kochi,Mobile Web Browser,810,1,1992.58,4.33,0
TXN-100225,CUST-1003,2025-05-27 12:39:57,1225.13,POS / In-Store,Healthcare & Medical,Kochi,Trusted Mobile App (iOS),1586,3,1244.27,32.19,0
TXN-100078,CUST-1034,2025-05-27 21:16:54,852.17,UPI Transfer,Dining & Food,Kochi,Desktop Web Browser,338,2,1464.07,15.0,0
TXN-100273,CUST-1034,2025-05-27 21:52:03,779.06,UPI Transfer,Healthcare & Medical,Kochi,Desktop Web Browser,338,1,1321.42,13.62,0
TXN-100417,CUST-1046,2025-05-27 22:09:20,1917.65,UPI Transfer,Utilities & Bills,Pune,Trusted Mobile App (Android),719,1,1482.42,16.47,0
TXN-100316,CUST-1008,2025-05-28 08:32:42,1108.62,UPI Transfer,Utilities & Bills,Kochi,Desktop Web Browser,473,1,1546.34,3.9,0
TXN-100300,CUST-1049,2025-05-28 12:51:43,519.49,POS / In-Store,Grocery & Supermarkets,Bengaluru,Trusted Mobile App (iOS),793,1,427.38,6.51,0
TXN-100231,CUST-1030,2025-05-28 14:40:10,1700.08,UPI Transfer,Dining & Food,Mumbai,Mobile Web Browser,463,1,820.75,10.85,0
TXN-100412,CUST-1008,2025-05-28 23:33:24,1365.84,POS / In-Store,Utilities & Bills,Kochi,Desktop Web Browser,473,3,962.93,4.72,0
TXN-100130,CUST-1038,2025-05-29 12:22:04,788.26,UPI Transfer,Grocery & Supermarkets,Pune,Trusted Mobile App (iOS),455,3,901.64,9.99,0
TXN-100371,CUST-1002,2025-05-29 15:34:36,2693.2,Online,Utilities & Bills,Kochi,Trusted Mobile App (iOS),501,2,1323.83,4.15,0
TXN-100174,CUST-1014,2025-05-29 21:55:49,1176.84,POS / In-Store,Utilities & Bills,Pune,Trusted Mobile App (iOS),581,1,711.14,10.56,0
TXN-100460,CUST-1006,2025-05-29 22:16:02,1914.0,UPI Transfer,Healthcare & Medical,Jaipur,Trusted Mobile App (iOS),1307,1,1229.51,4.62,0
TXN-100098,CUST-1036,2025-05-30 21:34:56,287.6,Online,Grocery & Supermarkets,Delhi,Trusted Mobile App (iOS),324,1,369.17,17.62,0
TXN-100211,CUST-1032,2025-05-31 17:24:16,685.87,UPI Transfer,Grocery & Supermarkets,Pune,Trusted Mobile App (iOS),754,1,247.08,12.31,0
TXN-100139,CUST-1030,2025-05-31 18:31:30,869.8,Online,Healthcare & Medical,Mumbai,Desktop Web Browser,463,3,1491.27,14.29,0
TXN-100167,CUST-1044,2025-06-01 15:06:04,472.59,POS / In-Store,Dining & Food,Mumbai,Trusted Mobile App (iOS),1735,2,411.62,12.15,0
TXN-100057,CUST-1043,2025-06-02 07:35:46,510.77,POS / In-Store,Dining & Food,Delhi,Desktop Web Browser,619,2,796.48,5.09,0
TXN-100436,CUST-1007,2025-06-02 08:12:20,403.72,Online,Grocery & Supermarkets,Ahmedabad,Trusted Mobile App (iOS),893,2,841.61,3.02,0
TXN-100275,CUST-1004,2025-06-02 14:03:59,521.69,POS / In-Store,Utilities & Bills,Delhi,Trusted Mobile App (Android),1523,1,1305.34,7.4,0
TXN-100385,CUST-1006,2025-06-02 17:10:18,1250.47,Online,Healthcare & Medical,Jaipur,Trusted Mobile App (iOS),1307,1,657.27,5.39,0
TXN-100320,CUST-1042,2025-06-02 21:11:24,1837.63,POS / In-Store,Grocery & Supermarkets,Kolkata,Trusted Mobile App (iOS),1419,3,780.53,7.53,0
TXN-100158,CUST-1004,2025-06-03 10:53:01,3035.06,Online,Grocery & Supermarkets,Delhi,Trusted Mobile App (Android),1523,1,2201.57,6.0,0
TXN-100208,CUST-1035,2025-06-03 11:15:05,669.38,UPI Transfer,Dining & Food,Kochi,Trusted Mobile App (Android),284,3,516.06,13.28,0
TXN-100003,CUST-1021,2025-06-03 11:59:51,886.53,POS / In-Store,Dining & Food,Ahmedabad,Desktop Web Browser,393,2,1026.42,8.04,0
TXN-100239,CUST-1046,2025-06-03 15:12:24,2068.22,POS / In-Store,Dining & Food,Chennai,Trusted Mobile App (Android),719,1,1255.87,50.44,0
TXN-100395,CUST-1012,2025-06-03 15:58:21,697.19,Online,Utilities & Bills,Delhi,Desktop Web Browser,1112,1,1424.5,17.75,0
TXN-100430,CUST-1018,2025-06-03 20:01:24,1405.05,POS / In-Store,Grocery & Supermarkets,Hyderabad,Desktop Web Browser,977,2,1690.54,6.78,0
TXN-100307,CUST-1031,2025-06-04 13:12:58,1862.53,POS / In-Store,Dining & Food,Ahmedabad,Trusted Mobile App (Android),1147,3,1573.68,8.3,0
TXN-100019,CUST-1044,2025-06-04 14:36:21,994.29,Online,Dining & Food,Mumbai,Desktop Web Browser,1735,1,682.16,14.38,0
TXN-100069,CUST-1008,2025-06-04 17:49:07,723.66,Online,Dining & Food,Kochi,Trusted Mobile App (iOS),473,3,1548.98,6.03,0
TXN-100125,CUST-1001,2025-06-04 20:32:30,339.08,UPI Transfer,Utilities & Bills,Pune,Trusted Mobile App (Android),439,1,634.97,9.62,0
TXN-100476,CUST-1006,2025-06-06 04:21:11,45497.14,Wire Transfer,Luxury Goods & Jewelry,Pune,Unknown Device,1221,6,1914.0,666.62,1
TXN-100088,CUST-1006,2025-06-06 07:40:20,864.13,UPI Transfer,Dining & Food,Jaipur,Trusted Mobile App (iOS),1307,3,2404.53,3.87,0
TXN-100394,CUST-1019,2025-06-06 15:20:27,1211.01,Online,Grocery & Supermarkets,Mumbai,Trusted Mobile App (Android),294,1,684.33,15.75,0
TXN-100463,CUST-1050,2025-06-06 15:57:45,228.35,UPI Transfer,Dining & Food,Pune,Trusted Mobile App (Android),501,2,156.81,7.0,0
TXN-100236,CUST-1047,2025-06-06 18:04:10,481.06,Online,Grocery & Supermarkets,Pune,Trusted Mobile App (Android),878,3,1007.51,15.54,0
TXN-100356,CUST-1017,2025-06-06 20:17:53,645.73,UPI Transfer,Healthcare & Medical,Delhi,Trusted Mobile App (Android),1092,3,656.3,8.05,0
TXN-100325,CUST-1038,2025-06-07 12:34:36,1031.54,POS / In-Store,Grocery & Supermarkets,Pune,Trusted Mobile App (iOS),455,2,1352.54,7.43,0
TXN-100173,CUST-1042,2025-06-07 13:19:31,2552.4,Online,Grocery & Supermarkets,Kolkata,Trusted Mobile App (iOS),1419,1,2282.56,12.07,0
TXN-100021,CUST-1019,2025-06-07 16:07:47,614.06,Online,Utilities & Bills,Mumbai,Trusted Mobile App (Android),294,2,985.36,14.53,0
TXN-100129,CUST-1009,2025-06-08 21:22:28,1256.74,UPI Transfer,Grocery & Supermarkets,Kolkata,Trusted Mobile App (Android),1794,1,893.73,6.2,0
TXN-100329,CUST-1023,2025-06-09 14:55:37,116.61,POS / In-Store,Utilities & Bills,Mumbai,Trusted Mobile App (iOS),77,3,210.96,16.16,0
TXN-100425,CUST-1050,2025-06-09 16:16:17,123.09,POS / In-Store,Utilities & Bills,Pune,Trusted Mobile App (Android),501,3,132.22,12.16,0
TXN-100455,CUST-1001,2025-06-09 19:39:58,677.16,POS / In-Store,Healthcare & Medical,Pune,Trusted Mobile App (Android),439,1,647.6,7.44,0
TXN-100146,CUST-1012,2025-06-10 07:23:56,998.38,UPI Transfer,Utilities & Bills,Delhi,Desktop Web Browser,1112,2,519.15,2.51,0
TXN-100111,CUST-1015,2025-06-10 09:04:33,702.32,POS / In-Store,Utilities & Bills,Jaipur,Trusted Mobile App (iOS),900,3,594.05,9.47,0
TXN-100184,CUST-1024,2025-06-10 14:05:00,573.42,UPI Transfer,Grocery & Supermarkets,Bengaluru,Trusted Mobile App (Android),1430,2,620.86,9.87,0
TXN-100083,CUST-1039,2025-06-10 16:53:23,292.88,UPI Transfer,Grocery & Supermarkets,Jaipur,Trusted Mobile App (Android),1608,1,188.34,9.92,0
TXN-100259,CUST-1043,2025-06-11 05:49:42,579.92,UPI Transfer,Grocery & Supermarkets,Delhi,Desktop Web Browser,619,3,510.77,17.28,0
TXN-100183,CUST-1029,2025-06-11 07:12:19,383.57,POS / In-Store,Dining & Food,Pune,Trusted Mobile App (iOS),1642,1,630.9,14.18,0
TXN-100164,CUST-1045,2025-06-11 12:02:02,2180.13,UPI Transfer,Healthcare & Medical,Mumbai,Trusted Mobile App (Android),473,1,1876.77,0.64,0
TXN-100459,CUST-1005,2025-06-11 16:47:19,851.82,UPI Transfer,Dining & Food,Pune,Desktop Web Browser,1431,1,1416.37,16.88,0
TXN-100109,CUST-1030,2025-06-12 08:11:28,1491.27,POS / In-Store,Healthcare & Medical,Mumbai,Desktop Web Browser,463,3,1020.74,2.02,0
TXN-100360,CUST-1015,2025-06-12 16:49:00,791.06,POS / In-Store,Healthcare & Medical,Mumbai,Trusted Mobile App (iOS),900,1,853.14,26.06,0
TXN-100261,CUST-1035,2025-06-13 12:49:31,1094.47,POS / In-Store,Grocery & Supermarkets,Kochi,Trusted Mobile App (Android),284,1,669.38,12.61,0
TXN-100342,CUST-1009,2025-06-13 13:52:27,533.69,POS / In-Store,Utilities & Bills,Kolkata,Trusted Mobile App (Android),1794,2,571.76,5.89,0
TXN-100066,CUST-1046,2025-06-13 14:19:23,725.22,UPI Transfer,Utilities & Bills,Pune,Trusted Mobile App (Android),719,1,1085.47,7.38,0
TXN-100321,CUST-1001,2025-06-13 15:23:07,327.76,UPI Transfer,Healthcare & Medical,Pune,Trusted Mobile App (Android),439,2,808.95,1.74,0
TXN-100446,CUST-1050,2025-06-14 07:24:05,156.81,POS / In-Store,Grocery & Supermarkets,Pune,Trusted Mobile App (Android),501,2,163.78,15.93,0
TXN-100276,CUST-1004,2025-06-14 14:06:36,1148.37,POS / In-Store,Grocery & Supermarkets,Delhi,Trusted Mobile App (Android),1523,2,521.69,8.45,0
TXN-100191,CUST-1032,2025-06-14 21:34:56,247.08,Online,Utilities & Bills,Pune,Trusted Mobile App (iOS),754,3,998.08,15.39,0
TXN-100210,CUST-1029,2025-06-14 21:41:45,751.17,POS / In-Store,Utilities & Bills,Delhi,Trusted Mobile App (iOS),1642,2,682.0,24.82,0
TXN-100005,CUST-1019,2025-06-15 12:50:41,985.36,POS / In-Store,Dining & Food,Mumbai,Trusted Mobile App (Android),294,2,608.27,12.0,0
TXN-100027,CUST-1046,2025-06-15 13:57:17,1033.13,Online,Dining & Food,Pune,Trusted Mobile App (Android),719,3,1507.58,2.86,0
TXN-100001,CUST-1020,2025-06-15 16:06:50,546.2,POS / In-Store,Dining & Food,Hyderabad,Desktop Web Browser,359,2,815.35,13.11,0
TXN-100104,CUST-1002,2025-06-15 19:48:03,2269.22,Online,Healthcare & Medical,Kochi,Trusted Mobile App (iOS),501,3,1998.95,9.89,0
TXN-100150,CUST-1008,2025-06-16 11:31:50,2347.11,UPI Transfer,Healthcare & Medical,Kochi,Desktop Web Browser,473,1,723.66,5.66,0
TXN-100203,CUST-1020,2025-06-16 13:24:33,1031.36,POS / In-Store,Healthcare & Medical,Bengaluru,Desktop Web Browser,359,2,433.45,36.1,0
TXN-100490,CUST-1006,2025-06-17 01:39:17,131333.91,Wire Transfer,Crypto & Digital Assets,Chennai,New Emulated Device,1234,9,1914.0,404.3,1
TXN-100299,CUST-1020,2025-06-17 10:57:45,699.98,POS / In-Store,Utilities & Bills,Hyderabad,Desktop Web Browser,359,3,787.2,3.93,0
TXN-100310,CUST-1035,2025-06-17 11:08:05,635.99,UPI Transfer,Utilities & Bills,Kochi,Trusted Mobile App (Android),284,3,1094.47,17.62,0
TXN-100410,CUST-1002,2025-06-17 13:56:00,2174.0,UPI Transfer,Healthcare & Medical,Kochi,Trusted Mobile App (iOS),501,2,1286.5,14.25,0
TXN-100107,CUST-1038,2025-06-17 18:15:47,901.64,POS / In-Store,Grocery & Supermarkets,Pune,Trusted Mobile App (iOS),455,1,1292.08,2.3,0
TXN-100076,CUST-1049,2025-06-18 11:37:59,1475.58,UPI Transfer,Grocery & Supermarkets,Bengaluru,Trusted Mobile App (iOS),793,2,1195.36,2.84,0
TXN-100099,CUST-1005,2025-06-18 14:43:33,1042.7,POS / In-Store,Dining & Food,Pune,Desktop Web Browser,1431,3,1177.4,11.04,0
TXN-100306,CUST-1020,2025-06-18 18:06:35,990.95,UPI Transfer,Healthcare & Medical,Hyderabad,Trusted Mobile App (Android),359,2,699.98,15.27,0
TXN-100286,CUST-1036,2025-06-18 19:09:45,282.1,UPI Transfer,Dining & Food,Hyderabad,Trusted Mobile App (iOS),324,2,255.09,29.24,0
TXN-100322,CUST-1031,2025-06-18 19:54:46,812.54,Online,Utilities & Bills,Ahmedabad,Trusted Mobile App (Android),1147,3,1495.15,1.95,0
TXN-100312,CUST-1009,2025-06-18 19:55:51,571.76,POS / In-Store,Healthcare & Medical,Kolkata,Trusted Mobile App (Android),1794,3,719.59,0.96,0
TXN-100471,CUST-1011,2025-06-19 04:47:19,192940.84,Online,Luxury Goods & Jewelry,Chennai,Unknown Device,720,5,653.19,629.18,1
TXN-100419,CUST-1023,2025-06-19 10:19:24,82.13,POS / In-Store,Utilities & Bills,Mumbai,Trusted Mobile App (iOS),77,3,157.12,10.62,0
TXN-100017,CUST-1023,2025-06-19 14:39:30,142.41,Online,Utilities & Bills,Mumbai,Trusted Mobile App (iOS),77,3,298.12,17.45,0
TXN-100331,CUST-1043,2025-06-19 22:10:18,605.47,UPI Transfer,Dining & Food,Delhi,Desktop Web Browser,619,3,647.53,12.53,0
TXN-100114,CUST-1044,2025-06-20 08:43:57,594.56,POS / In-Store,Healthcare & Medical,Mumbai,Desktop Web Browser,1735,2,493.07,2.13,0
TXN-100311,CUST-1015,2025-06-20 11:40:27,853.14,POS / In-Store,Utilities & Bills,Jaipur,Trusted Mobile App (iOS),900,3,598.4,4.99,0
TXN-100194,CUST-1013,2025-06-20 19:35:33,349.57,Online,Dining & Food,Delhi,Trusted Mobile App (Android),677,3,491.22,9.63,0
TXN-100182,CUST-1007,2025-06-21 12:56:46,605.8,POS / In-Store,Grocery & Supermarkets,Ahmedabad,Trusted Mobile App (iOS),893,2,616.04,4.3,0
TXN-100386,CUST-1037,2025-06-21 13:21:49,3162.4,UPI Transfer,Grocery & Supermarkets,Ahmedabad,Trusted Mobile App (iOS),393,3,863.79,59.76,0
TXN-100113,CUST-1017,2025-06-21 19:22:20,1475.77,POS / In-Store,Grocery & Supermarkets,Delhi,Trusted Mobile App (Android),1092,2,442.05,9.51,0
TXN-100198,CUST-1037,2025-06-22 10:04:59,1739.14,UPI Transfer,Dining & Food,Chennai,Trusted Mobile App (iOS),393,1,2221.81,14.37,0
TXN-100227,CUST-1001,2025-06-22 12:17:49,291.53,Online,Utilities & Bills,Pune,Trusted Mobile App (Android),439,3,670.04,14.33,0
TXN-100186,CUST-1035,2025-06-22 14:11:43,516.06,UPI Transfer,Grocery & Supermarkets,Ahmedabad,Trusted Mobile App (Android),284,3,922.11,73.19,0
TXN-100418,CUST-1033,2025-06-22 17:03:03,1341.66,UPI Transfer,Utilities & Bills,Ahmedabad,Trusted Mobile App (iOS),298,3,770.44,4.96,0
TXN-100233,CUST-1027,2025-06-23 10:55:20,1992.58,POS / In-Store,Utilities & Bills,Kochi,Trusted Mobile App (iOS),810,2,2001.68,6.34,0
TXN-100458,CUST-1022,2025-06-23 21:12:11,2502.88,POS / In-Store,Grocery & Supermarkets,Jaipur,Desktop Web Browser,390,1,1388.42,13.81,0
TXN-100138,CUST-1046,2025-06-23 21:56:45,1329.61,UPI Transfer,Utilities & Bills,Pune,Trusted Mobile App (Android),719,2,1095.75,2.69,0
TXN-100328,CUST-1014,2025-06-24 12:53:36,429.4,POS / In-Store,Healthcare & Medical,Pune,Trusted Mobile App (iOS),581,1,1084.17,6.66,0
TXN-100112,CUST-1028,2025-06-24 17:46:00,574.8,UPI Transfer,Healthcare & Medical,Kolkata,Trusted Mobile App (iOS),1101,2,674.92,2.88,0
TXN-100470,CUST-1023,2025-06-24 20:00:04,93.99,POS / In-Store,Utilities & Bills,Mumbai,Trusted Mobile App (iOS),77,3,272.01,6.88,0
TXN-100212,CUST-1004,2025-06-24 20:36:52,1440.64,POS / In-Store,Dining & Food,Delhi,Trusted Mobile App (Android),1523,1,3035.06,2.07,0
TXN-100117,CUST-1026,2025-06-25 11:00:48,495.77,UPI Transfer,Grocery & Supermarkets,Delhi,Trusted Mobile App (iOS),664,1,563.66,9.89,0
TXN-100396,CUST-1033,2025-06-26 10:49:28,548.78,UPI Transfer,Grocery & Supermarkets,Ahmedabad,Trusted Mobile App (iOS),298,2,652.69,13.6,0
TXN-100399,CUST-1045,2025-06-28 13:34:31,512.12,POS / In-Store,Dining & Food,Hyderabad,Trusted Mobile App (Android),473,1,1277.18,69.44,0
TXN-100291,CUST-1038,2025-06-28 14:40:56,1352.54,UPI Transfer,Utilities & Bills,Pune,Trusted Mobile App (iOS),455,1,1105.99,7.91,0
TXN-100398,CUST-1035,2025-06-28 17:40:10,466.43,POS / In-Store,Grocery & Supermarkets,Kochi,Trusted Mobile App (Android),284,2,834.49,14.73,0
TXN-100055,CUST-1007,2025-06-28 18:08:10,616.04,UPI Transfer,Utilities & Bills,Ahmedabad,Desktop Web Browser,893,3,719.65,12.42,0
TXN-100274,CUST-1026,2025-06-29 08:28:28,358.99,Online,Utilities & Bills,Delhi,Trusted Mobile App (iOS),664,3,400.2,15.63,0
TXN-100461,CUST-1038,2025-06-29 12:38:15,1109.76,UPI Transfer,Grocery & Supermarkets,Pune,Trusted Mobile App (iOS),455,1,1069.28,6.9,0
TXN-100260,CUST-1030,2025-06-29 15:00:11,845.11,UPI Transfer,Utilities & Bills,Mumbai,Desktop Web Browser,463,1,1700.08,13.05,0
